Link,Sale Price,PDP Price,Result
https://betaca.alphaprints.in/patio-furniture-covers/sofa-covers/lounge-loveseat-covers/modular-sofa-loveseat-covers-p,133.81,133.81,Pass
https://betaca.alphaprints.in/patio-furniture-covers/sofa-covers/lounge-loveseat-covers/modular-sofa-loveseat-covers-p?fabric=81&color=87,133.81,133.81,Pass
https://betaca.alphaprints.in/patio-furniture-covers/sofa-covers/lounge-loveseat-covers/modular-sofa-loveseat-covers-p?fabric=81&color=87&size=32Hx80Wx32D,165.88,165.88,Pass
https://betaca.alphaprints.in/patio-furniture-covers/sofa-covers/lounge-loveseat-covers/modular-sofa-loveseat-covers-p?fabric=81&color=87&size=36Hx80Wx36D,190.11,190.11,Pass
https://betaca.alphaprints.in/patio-furniture-covers/sofa-covers/lounge-loveseat-covers/modular-sofa-loveseat-covers-p?fabric=81&color=87&size=32Hx80Wx36D,175.20,175.20,Pass
https://betaca.alphaprints.in/patio-furniture-covers/sofa-covers/lounge-loveseat-covers/modular-sofa-loveseat-covers-p?fabric=81&color=87&size=32Hx84Wx36D,181.79,181.79,Pass
https://betaca.alphaprints.in/patio-furniture-covers/sofa-covers/lounge-loveseat-covers/modular-sofa-loveseat-covers-p?fabric=81&color=87&size=36Hx56Wx36D,147.61,147.61,Pass
https://betaca.alphaprints.in/patio-furniture-covers/sofa-covers/lounge-loveseat-covers/modular-sofa-loveseat-covers-p?fabric=81&color=89,133.81,133.81,Pass
https://betaca.alphaprints.in/patio-furniture-covers/sofa-covers/lounge-loveseat-covers/modular-sofa-loveseat-covers-p?fabric=81&color=89&size=32Hx80Wx32D,165.88,165.88,Pass
https://betaca.alphaprints.in/patio-furniture-covers/sofa-covers/lounge-loveseat-covers/modular-sofa-loveseat-covers-p?fabric=81&color=89&size=36Hx80Wx36D,190.11,190.11,Pass
https://betaca.alphaprints.in/patio-furniture-covers/sofa-covers/lounge-loveseat-covers/modular-sofa-loveseat-covers-p?fabric=81&color=89&size=32Hx80Wx36D,175.20,175.20,Pass
https://betaca.alphaprints.in/patio-furniture-covers/sofa-covers/lounge-loveseat-covers/modular-sofa-loveseat-covers-p?fabric=81&color=89&size=32Hx84Wx36D,181.79,181.79,Pass
https://betaca.alphaprints.in/patio-furniture-covers/sofa-covers/lounge-loveseat-covers/modular-sofa-loveseat-covers-p?fabric=81&color=89&size=36Hx56Wx36D,147.61,147.61,Pass
https://betaca.alphaprints.in/patio-furniture-covers/sofa-covers/lounge-loveseat-covers/modular-sofa-loveseat-covers-p?fabric=81&color=91,133.81,133.81,Pass
https://betaca.alphaprints.in/patio-furniture-covers/sofa-covers/lounge-loveseat-covers/modular-sofa-loveseat-covers-p?fabric=81&color=91&size=32Hx80Wx32D,165.88,165.88,Pass
https://betaca.alphaprints.in/patio-furniture-covers/sofa-covers/lounge-loveseat-covers/modular-sofa-loveseat-covers-p?fabric=81&color=91&size=36Hx80Wx36D,190.11,190.11,Pass
https://betaca.alphaprints.in/patio-furniture-covers/sofa-covers/lounge-loveseat-covers/modular-sofa-loveseat-covers-p?fabric=81&color=91&size=32Hx80Wx36D,175.20,175.20,Pass
https://betaca.alphaprints.in/patio-furniture-covers/sofa-covers/lounge-loveseat-covers/modular-sofa-loveseat-covers-p?fabric=81&color=91&size=32Hx84Wx36D,181.79,181.79,Pass
https://betaca.alphaprints.in/patio-furniture-covers/sofa-covers/lounge-loveseat-covers/modular-sofa-loveseat-covers-p?fabric=81&color=91&size=36Hx56Wx36D,147.61,147.61,Pass
https://betaca.alphaprints.in/patio-furniture-covers/sofa-covers/lounge-loveseat-covers/modular-sofa-loveseat-covers-p?fabric=83&color=55,178.81,178.81,Pass
https://betaca.alphaprints.in/patio-furniture-covers/sofa-covers/lounge-loveseat-covers/modular-sofa-loveseat-covers-p?fabric=83&color=55&size=32Hx80Wx32D,221.66,221.66,Pass
https://betaca.alphaprints.in/patio-furniture-covers/sofa-covers/lounge-loveseat-covers/modular-sofa-loveseat-covers-p?fabric=83&color=55&size=36Hx80Wx36D,254.05,254.05,Pass
https://betaca.alphaprints.in/patio-furniture-covers/sofa-covers/lounge-loveseat-covers/modular-sofa-loveseat-covers-p?fabric=83&color=55&size=32Hx80Wx36D,234.11,234.11,Pass
https://betaca.alphaprints.in/patio-furniture-covers/sofa-covers/lounge-loveseat-covers/modular-sofa-loveseat-covers-p?fabric=83&color=55&size=32Hx84Wx36D,242.93,242.93,Pass
https://betaca.alphaprints.in/patio-furniture-covers/sofa-covers/lounge-loveseat-covers/modular-sofa-loveseat-covers-p?fabric=83&color=55&size=36Hx56Wx36D,197.25,197.25,Pass
https://betaca.alphaprints.in/patio-furniture-covers/sofa-covers/lounge-loveseat-covers/modular-sofa-loveseat-covers-p?fabric=83&color=84,178.81,178.81,Pass
https://betaca.alphaprints.in/patio-furniture-covers/sofa-covers/lounge-loveseat-covers/modular-sofa-loveseat-covers-p?fabric=83&color=84&size=32Hx80Wx32D,221.66,221.66,Pass
https://betaca.alphaprints.in/patio-furniture-covers/sofa-covers/lounge-loveseat-covers/modular-sofa-loveseat-covers-p?fabric=83&color=84&size=36Hx80Wx36D,254.05,254.05,Pass
https://betaca.alphaprints.in/patio-furniture-covers/sofa-covers/lounge-loveseat-covers/modular-sofa-loveseat-covers-p?fabric=83&color=84&size=32Hx80Wx36D,234.11,234.11,Pass
https://betaca.alphaprints.in/patio-furniture-covers/sofa-covers/lounge-loveseat-covers/modular-sofa-loveseat-covers-p?fabric=83&color=84&size=32Hx84Wx36D,242.93,242.93,Pass
https://betaca.alphaprints.in/patio-furniture-covers/sofa-covers/lounge-loveseat-covers/modular-sofa-loveseat-covers-p?fabric=83&color=84&size=36Hx56Wx36D,197.25,197.25,Pass
https://betaca.alphaprints.in/patio-furniture-covers/sofa-covers/lounge-loveseat-covers/modular-sofa-loveseat-covers-p?fabric=83&color=85,178.81,178.81,Pass
https://betaca.alphaprints.in/patio-furniture-covers/sofa-covers/lounge-loveseat-covers/modular-sofa-loveseat-covers-p?fabric=83&color=85&size=32Hx80Wx32D,221.66,221.66,Pass
https://betaca.alphaprints.in/patio-furniture-covers/sofa-covers/lounge-loveseat-covers/modular-sofa-loveseat-covers-p?fabric=83&color=85&size=36Hx80Wx36D,254.05,254.05,Pass
https://betaca.alphaprints.in/patio-furniture-covers/sofa-covers/lounge-loveseat-covers/modular-sofa-loveseat-covers-p?fabric=83&color=85&size=32Hx80Wx36D,234.11,234.11,Pass
https://betaca.alphaprints.in/patio-furniture-covers/sofa-covers/lounge-loveseat-covers/modular-sofa-loveseat-covers-p?fabric=83&color=85&size=32Hx84Wx36D,242.93,242.93,Pass
https://betaca.alphaprints.in/patio-furniture-covers/sofa-covers/lounge-loveseat-covers/modular-sofa-loveseat-covers-p?fabric=83&color=85&size=36Hx56Wx36D,197.25,197.25,Pass
https://betaca.alphaprints.in/patio-furniture-covers/sofa-covers/lounge-loveseat-covers/modular-sofa-loveseat-covers-p?fabric=83&color=102,178.81,178.81,Pass
https://betaca.alphaprints.in/patio-furniture-covers/sofa-covers/lounge-loveseat-covers/modular-sofa-loveseat-covers-p?fabric=83&color=102&size=32Hx80Wx32D,221.66,221.66,Pass
https://betaca.alphaprints.in/patio-furniture-covers/sofa-covers/lounge-loveseat-covers/modular-sofa-loveseat-covers-p?fabric=83&color=102&size=36Hx80Wx36D,254.05,254.05,Pass
https://betaca.alphaprints.in/patio-furniture-covers/sofa-covers/lounge-loveseat-covers/modular-sofa-loveseat-covers-p?fabric=83&color=102&size=32Hx80Wx36D,234.11,234.11,Pass
https://betaca.alphaprints.in/patio-furniture-covers/sofa-covers/lounge-loveseat-covers/modular-sofa-loveseat-covers-p?fabric=83&color=102&size=32Hx84Wx36D,242.93,242.93,Pass
https://betaca.alphaprints.in/patio-furniture-covers/sofa-covers/lounge-loveseat-covers/modular-sofa-loveseat-covers-p?fabric=83&color=102&size=36Hx56Wx36D,197.25,197.25,Pass
https://betaca.alphaprints.in/patio-furniture-covers/sofa-covers/lounge-loveseat-covers/modular-sofa-loveseat-covers-p?fabric=81&color=103,133.81,133.81,Pass
https://betaca.alphaprints.in/patio-furniture-covers/sofa-covers/lounge-loveseat-covers/modular-sofa-loveseat-covers-p?fabric=81&color=103&size=32Hx80Wx32D,165.88,165.88,Pass
https://betaca.alphaprints.in/patio-furniture-covers/sofa-covers/lounge-loveseat-covers/modular-sofa-loveseat-covers-p?fabric=81&color=103&size=36Hx80Wx36D,190.11,190.11,Pass
https://betaca.alphaprints.in/patio-furniture-covers/sofa-covers/lounge-loveseat-covers/modular-sofa-loveseat-covers-p?fabric=81&color=103&size=32Hx80Wx36D,175.20,175.20,Pass
https://betaca.alphaprints.in/patio-furniture-covers/sofa-covers/lounge-loveseat-covers/modular-sofa-loveseat-covers-p?fabric=81&color=103&size=32Hx84Wx36D,181.79,181.79,Pass
https://betaca.alphaprints.in/patio-furniture-covers/sofa-covers/lounge-loveseat-covers/modular-sofa-loveseat-covers-p?fabric=81&color=103&size=36Hx56Wx36D,147.61,147.61,Pass
https://betaca.alphaprints.in/patio-furniture-covers/sofa-covers/lounge-loveseat-covers/modular-sofa-loveseat-covers-p?fabric=81&color=106,133.81,133.81,Pass
https://betaca.alphaprints.in/patio-furniture-covers/sofa-covers/lounge-loveseat-covers/modular-sofa-loveseat-covers-p?fabric=81&color=106&size=32Hx80Wx32D,165.88,165.88,Pass
https://betaca.alphaprints.in/patio-furniture-covers/sofa-covers/lounge-loveseat-covers/modular-sofa-loveseat-covers-p?fabric=81&color=106&size=36Hx80Wx36D,190.11,190.11,Pass
https://betaca.alphaprints.in/patio-furniture-covers/sofa-covers/lounge-loveseat-covers/modular-sofa-loveseat-covers-p?fabric=81&color=106&size=32Hx80Wx36D,175.20,175.20,Pass
https://betaca.alphaprints.in/patio-furniture-covers/sofa-covers/lounge-loveseat-covers/modular-sofa-loveseat-covers-p?fabric=81&color=106&size=32Hx84Wx36D,181.79,181.79,Pass
https://betaca.alphaprints.in/patio-furniture-covers/sofa-covers/lounge-loveseat-covers/modular-sofa-loveseat-covers-p?fabric=81&color=106&size=36Hx56Wx36D,147.61,147.61,Pass
https://betaca.alphaprints.in/patio-furniture-covers/sofa-covers/lounge-loveseat-covers/modular-sofa-loveseat-covers-p?fabric=83&color=100,178.81,178.81,Pass
https://betaca.alphaprints.in/patio-furniture-covers/sofa-covers/lounge-loveseat-covers/modular-sofa-loveseat-covers-p?fabric=83&color=100&size=32Hx80Wx32D,221.66,221.66,Pass
https://betaca.alphaprints.in/patio-furniture-covers/sofa-covers/lounge-loveseat-covers/modular-sofa-loveseat-covers-p?fabric=83&color=100&size=36Hx80Wx36D,254.05,254.05,Pass
https://betaca.alphaprints.in/patio-furniture-covers/sofa-covers/lounge-loveseat-covers/modular-sofa-loveseat-covers-p?fabric=83&color=100&size=32Hx80Wx36D,234.11,234.11,Pass
https://betaca.alphaprints.in/patio-furniture-covers/sofa-covers/lounge-loveseat-covers/modular-sofa-loveseat-covers-p?fabric=83&color=100&size=32Hx84Wx36D,242.93,242.93,Pass
https://betaca.alphaprints.in/patio-furniture-covers/sofa-covers/lounge-loveseat-covers/modular-sofa-loveseat-covers-p?fabric=83&color=100&size=36Hx56Wx36D,197.25,197.25,Pass
https://betaca.alphaprints.in/patio-furniture-covers/sofa-covers/lounge-loveseat-covers/modular-sofa-loveseat-covers-p?fabric=80&color=5707,158.25,158.25,Pass
https://betaca.alphaprints.in/patio-furniture-covers/sofa-covers/lounge-loveseat-covers/modular-sofa-loveseat-covers-p?fabric=80&color=5707&size=32Hx80Wx32D,196.18,196.18,Pass
https://betaca.alphaprints.in/patio-furniture-covers/sofa-covers/lounge-loveseat-covers/modular-sofa-loveseat-covers-p?fabric=80&color=5707&size=36Hx80Wx36D,224.84,224.84,Pass
https://betaca.alphaprints.in/patio-furniture-covers/sofa-covers/lounge-loveseat-covers/modular-sofa-loveseat-covers-p?fabric=80&color=5707&size=32Hx80Wx36D,207.20,207.20,Pass
https://betaca.alphaprints.in/patio-furniture-covers/sofa-covers/lounge-loveseat-covers/modular-sofa-loveseat-covers-p?fabric=80&color=5707&size=32Hx84Wx36D,214.99,214.99,Pass
https://betaca.alphaprints.in/patio-furniture-covers/sofa-covers/lounge-loveseat-covers/modular-sofa-loveseat-covers-p?fabric=80&color=5707&size=36Hx56Wx36D,174.56,174.56,Pass
https://betaca.alphaprints.in/patio-furniture-covers/sofa-covers/lounge-loveseat-covers/modular-sofa-loveseat-covers-p?fabric=80&color=5708,158.25,158.25,Pass
https://betaca.alphaprints.in/patio-furniture-covers/sofa-covers/lounge-loveseat-covers/modular-sofa-loveseat-covers-p?fabric=80&color=5708&size=32Hx80Wx32D,196.18,196.18,Pass
https://betaca.alphaprints.in/patio-furniture-covers/sofa-covers/lounge-loveseat-covers/modular-sofa-loveseat-covers-p?fabric=80&color=5708&size=36Hx80Wx36D,224.84,224.84,Pass
https://betaca.alphaprints.in/patio-furniture-covers/sofa-covers/lounge-loveseat-covers/modular-sofa-loveseat-covers-p?fabric=80&color=5708&size=32Hx80Wx36D,207.20,207.20,Pass
https://betaca.alphaprints.in/patio-furniture-covers/sofa-covers/lounge-loveseat-covers/modular-sofa-loveseat-covers-p?fabric=80&color=5708&size=32Hx84Wx36D,214.99,214.99,Pass
https://betaca.alphaprints.in/patio-furniture-covers/sofa-covers/lounge-loveseat-covers/modular-sofa-loveseat-covers-p?fabric=80&color=5708&size=36Hx56Wx36D,174.56,174.56,Pass
https://betaca.alphaprints.in/patio-furniture-covers/sofa-covers/lounge-loveseat-covers/modular-sofa-loveseat-covers-p?fabric=80&color=5710,158.25,158.25,Pass
https://betaca.alphaprints.in/patio-furniture-covers/sofa-covers/lounge-loveseat-covers/modular-sofa-loveseat-covers-p?fabric=80&color=5710&size=32Hx80Wx32D,196.18,196.18,Pass
https://betaca.alphaprints.in/patio-furniture-covers/sofa-covers/lounge-loveseat-covers/modular-sofa-loveseat-covers-p?fabric=80&color=5710&size=36Hx80Wx36D,224.84,224.84,Pass
https://betaca.alphaprints.in/patio-furniture-covers/sofa-covers/lounge-loveseat-covers/modular-sofa-loveseat-covers-p?fabric=80&color=5710&size=32Hx80Wx36D,207.20,207.20,Pass
https://betaca.alphaprints.in/patio-furniture-covers/sofa-covers/lounge-loveseat-covers/modular-sofa-loveseat-covers-p?fabric=80&color=5710&size=32Hx84Wx36D,214.99,214.99,Pass
https://betaca.alphaprints.in/patio-furniture-covers/sofa-covers/lounge-loveseat-covers/modular-sofa-loveseat-covers-p?fabric=80&color=5710&size=36Hx56Wx36D,174.56,174.56,Pass
https://betaca.alphaprints.in/patio-furniture-covers/sofa-covers/lounge-loveseat-covers/modular-sofa-loveseat-covers-p?fabric=80&color=5709,158.25,158.25,Pass
https://betaca.alphaprints.in/patio-furniture-covers/sofa-covers/lounge-loveseat-covers/modular-sofa-loveseat-covers-p?fabric=80&color=5709&size=32Hx80Wx32D,196.18,196.18,Pass
https://betaca.alphaprints.in/patio-furniture-covers/sofa-covers/lounge-loveseat-covers/modular-sofa-loveseat-covers-p?fabric=80&color=5709&size=36Hx80Wx36D,224.84,224.84,Pass
https://betaca.alphaprints.in/patio-furniture-covers/sofa-covers/lounge-loveseat-covers/modular-sofa-loveseat-covers-p?fabric=80&color=5709&size=32Hx80Wx36D,207.20,207.20,Pass
https://betaca.alphaprints.in/patio-furniture-covers/sofa-covers/lounge-loveseat-covers/modular-sofa-loveseat-covers-p?fabric=80&color=5709&size=32Hx84Wx36D,214.99,214.99,Pass
https://betaca.alphaprints.in/patio-furniture-covers/sofa-covers/lounge-loveseat-covers/modular-sofa-loveseat-covers-p?fabric=80&color=5709&size=36Hx56Wx36D,174.56,174.56,Pass
https://betaca.alphaprints.in/fire-pit-covers-octagon-p,35.80,35.80,Pass
https://betaca.alphaprints.in/fire-pit-covers-octagon-p?fabric=81&color=89,35.80,35.80,Pass
https://betaca.alphaprints.in/fire-pit-covers-octagon-p?fabric=81&color=87,35.80,35.80,Pass
https://betaca.alphaprints.in/fire-pit-covers-octagon-p?fabric=81&color=103,35.80,35.80,Pass
https://betaca.alphaprints.in/fire-pit-covers-octagon-p?fabric=81&color=88,35.80,35.80,Pass
https://betaca.alphaprints.in/fire-pit-covers-octagon-p?fabric=81&color=91,35.80,35.80,Pass
https://betaca.alphaprints.in/fire-pit-covers-octagon-p?fabric=81&color=106,35.80,35.80,Pass
https://betaca.alphaprints.in/fire-pit-covers-octagon-p?fabric=83&color=84,47.84,47.84,Pass
https://betaca.alphaprints.in/fire-pit-covers-octagon-p?fabric=83&color=85,47.84,47.84,Pass
https://betaca.alphaprints.in/fire-pit-covers-octagon-p?fabric=83&color=102,47.84,47.84,Pass
https://betaca.alphaprints.in/fire-pit-covers-octagon-p?fabric=83&color=55,47.84,47.84,Pass
https://betaca.alphaprints.in/fire-pit-covers-octagon-p?fabric=83&color=100,47.84,47.84,Pass
https://betaca.alphaprints.in/fire-pit-covers-octagon-p?fabric=80&color=5707,42.34,42.34,Pass
https://betaca.alphaprints.in/fire-pit-covers-octagon-p?fabric=80&color=5708,42.34,42.34,Pass
https://betaca.alphaprints.in/fire-pit-covers-octagon-p?fabric=80&color=5710,42.34,42.34,Pass
https://betaca.alphaprints.in/fire-pit-covers-octagon-p?fabric=80&color=5709,42.34,42.34,Pass
https://betaca.alphaprints.in/chevron-throw-pillow-p,34.56,34.56,Pass
https://betaca.alphaprints.in/chevron-throw-pillow-p?fabric=5797&color=5879,34.56,34.56,Pass
https://betaca.alphaprints.in/chevron-throw-pillow-p?fabric=5797&color=5880,34.56,34.56,Pass
https://betaca.alphaprints.in/chevron-throw-pillow-p?fabric=5797&color=5881,34.56,34.56,Pass
https://betaca.alphaprints.in/chevron-throw-pillow-p?fabric=5797&color=5882,34.56,34.56,Pass
https://betaca.alphaprints.in/chevron-throw-pillow-p?fabric=5797&color=5883,34.56,34.56,Pass
https://betaca.alphaprints.in/chevron-throw-pillow-p?fabric=5797&color=5884,34.56,34.56,Pass
https://betaca.alphaprints.in/chevron-throw-pillow-p?fabric=5797&color=5948,34.56,34.56,Pass
https://betaca.alphaprints.in/custom-pillow-covers-square-p,10.73,10.73,Pass
https://betaca.alphaprints.in/custom-pillow-covers-square-p?fabric=5562&color=5567,10.73,10.73,Pass
https://betaca.alphaprints.in/custom-pillow-covers-square-p?fabric=5562&color=5568,10.73,10.73,Pass
https://betaca.alphaprints.in/custom-pillow-covers-square-p?fabric=5562&color=5603,10.73,10.73,Pass
https://betaca.alphaprints.in/custom-pillow-covers-square-p?fabric=5562&color=5564,10.73,10.73,Pass
https://betaca.alphaprints.in/custom-pillow-covers-square-p?fabric=6138&color=6139,13.51,13.51,Pass
https://betaca.alphaprints.in/custom-pillow-covers-square-p?fabric=6138&color=6140,13.51,13.51,Pass
https://betaca.alphaprints.in/custom-pillow-covers-square-p?fabric=6138&color=6141,13.51,13.51,Pass
https://betaca.alphaprints.in/custom-pillow-covers-square-p?fabric=6138&color=6142,13.51,13.51,Pass
https://betaca.alphaprints.in/custom-pillow-covers-square-p?fabric=6138&color=6143,13.51,13.51,Pass
https://betaca.alphaprints.in/custom-pillow-covers-square-p?fabric=6654&color=6655,50.66,50.66,Pass
https://betaca.alphaprints.in/custom-pillow-covers-square-p?fabric=6654&color=6656,50.66,50.66,Pass
https://betaca.alphaprints.in/custom-pillow-covers-square-p?fabric=6654&color=6657,50.66,50.66,Pass
https://betaca.alphaprints.in/custom-pillow-covers-square-p?fabric=6654&color=6658,50.66,50.66,Pass
https://betaca.alphaprints.in/custom-pillow-covers-square-p?fabric=6654&color=6659,50.66,50.66,Pass
https://betaca.alphaprints.in/custom-pillow-covers-square-p?fabric=6654&color=6660,50.66,50.66,Pass
https://betaca.alphaprints.in/custom-pillow-covers-square-p?fabric=6654&color=6661,50.66,50.66,Pass
https://betaca.alphaprints.in/custom-pillow-covers-square-p?fabric=6654&color=6662,50.66,50.66,Pass
https://betaca.alphaprints.in/custom-pillow-covers-square-p?fabric=6654&color=6663,50.66,50.66,Pass
https://betaca.alphaprints.in/custom-pillow-covers-square-p?fabric=6654&color=6664,50.66,50.66,Pass
https://betaca.alphaprints.in/custom-pillow-covers-square-p?fabric=6654&color=6665,50.66,50.66,Pass
https://betaca.alphaprints.in/lumber-tarp-single-flap-p,311.91,311.91,Pass
https://betaca.alphaprints.in/lumber-tarp-single-flap-p?fabric=115&color=85,311.91,311.91,Pass
https://betaca.alphaprints.in/lumber-tarp-single-flap-p?fabric=115&color=100,311.91,311.91,Pass
https://betaca.alphaprints.in/lumber-tarp-single-flap-p?fabric=115&color=118,311.91,311.91,Pass
https://betaca.alphaprints.in/lumber-tarp-single-flap-p?fabric=115&color=119,311.91,311.91,Pass
https://betaca.alphaprints.in/vehicle-covers/car-covers/limo-car-covers-p,531.50,892.15,Fail
https://betaca.alphaprints.in/vehicle-covers/car-covers/limo-car-covers-p?fabric=6144&color=6145,892.15,892.15,Pass
https://betaca.alphaprints.in/vehicle-covers/car-covers/limo-car-covers-p?fabric=6144&color=6146,892.15,892.15,Pass
https://betaca.alphaprints.in/vehicle-covers/car-covers/limo-car-covers-p?fabric=6361&color=6365,531.50,531.50,Pass
https://betaca.alphaprints.in/vehicle-covers/car-covers/limo-car-covers-p?fabric=6361&color=6368,531.50,531.50,Pass
https://betaca.alphaprints.in/vehicle-covers/car-covers/limo-car-covers-p?fabric=6144&color=6378,892.15,892.15,Pass
https://betaca.alphaprints.in/vehicle-covers/car-covers/limo-car-covers-p?fabric=6695&color=6698,664.38,664.38,Pass
https://betaca.alphaprints.in/vehicle-covers/car-covers/limo-car-covers-p?fabric=6695&color=6701,664.38,664.38,Pass
https://betaca.alphaprints.in/vehicle-covers/car-covers/limo-car-covers-p?fabric=6695&color=6704,664.38,664.38,Pass
https://betaca.alphaprints.in/vehicle-covers/car-covers/limo-car-covers-p?fabric=6806&color=6809,538.74,538.74,Pass
https://betaca.alphaprints.in/vehicle-covers/car-covers/limo-car-covers-p?fabric=6806&color=6812,538.74,538.74,Pass
https://betaca.alphaprints.in/vehicle-covers/car-covers/limo-car-covers-p?fabric=6806&color=6815,538.74,538.74,Pass
